T,variant,run,time_ms
32,normal,1,0.336844
32,normal,2,0.515988
32,normal,3,0.545321
32,normal,4,0.504324
32,normal,5,0.481835
32,normal,6,0.504743
32,normal,7,0.500482
32,normal,8,0.478483
32,normal,9,0.524927
32,normal,10,0.479949
32,normal,11,0.535892
32,normal,12,0.454877
32,normal,13,0.490984
32,normal,14,0.652038
32,normal,15,0.507396
32,normal,16,0.501391
32,normal,17,0.274546
32,normal,18,0.264489
32,normal,19,0.489587
32,normal,20,0.693035
32,normal,21,0.450826
32,normal,22,0.49266
32,normal,23,0.515499
32,normal,24,0.462978
32,normal,25,0.511448
32,normal,26,0.680184
32,normal,27,0.785575
32,normal,28,0.520457
32,normal,29,0.486235
32,normal,30,0.521296
32,optimised,1,0.470661
32,optimised,2,0.376305
32,optimised,3,0.499784
32,optimised,4,0.606781
32,optimised,5,0.500203
32,optimised,6,0.526045
32,optimised,7,0.51026
32,optimised,8,0.682
32,optimised,9,0.486304
32,optimised,10,0.262114
32,optimised,11,0.647988
32,optimised,12,0.47953
32,optimised,13,0.521086
32,optimised,14,0.462
32,optimised,15,0.549581
32,optimised,16,0.507118
32,optimised,17,0.535333
32,optimised,18,0.459207
32,optimised,19,0.51494
32,optimised,20,0.665168
32,optimised,21,0.272521
32,optimised,22,0.502997
32,optimised,23,0.514311
32,optimised,24,0.519479
32,optimised,25,0.480019
32,optimised,26,0.478482
32,optimised,27,0.511587
32,optimised,28,0.527092
32,optimised,29,0.295917
32,optimised,30,0.4004
64,normal,1,0.588204
64,normal,2,0.546648
64,normal,3,0.591416
64,normal,4,0.675854
64,normal,5,0.594698
64,normal,6,0.583315
64,normal,7,0.584012
64,normal,8,0.599937
64,normal,9,0.604616
64,normal,10,0.643937
64,normal,11,0.574166
64,normal,12,0.768115
64,normal,13,0.819517
64,normal,14,0.538267
64,normal,15,0.59847
64,normal,16,0.579892
64,normal,17,0.564108
64,normal,18,0.562851
64,normal,19,0.943206
64,normal,20,0.569904
64,normal,21,0.790185
64,normal,22,0.780337
64,normal,23,0.66433
64,normal,24,0.587366
64,normal,25,0.591276
64,normal,26,0.676273
64,normal,27,0.673758
64,normal,28,0.3652
64,normal,29,0.600286
64,normal,30,0.619073
64,optimised,1,0.564946
64,optimised,2,0.676134
64,optimised,3,0.602939
64,optimised,4,0.779429
64,optimised,5,0.511866
64,optimised,6,0.587993
64,optimised,7,0.628571
64,optimised,8,0.611181
64,optimised,9,0.582826
64,optimised,10,0.739689
64,optimised,11,0.723486
64,optimised,12,0.692755
64,optimised,13,0.835651
64,optimised,14,0.550699
64,optimised,15,0.766438
64,optimised,16,0.329651
64,optimised,17,0.563549
64,optimised,18,0.763016
64,optimised,19,0.564597
64,optimised,20,0.557403
64,optimised,21,0.562362
64,optimised,22,0.653226
64,optimised,23,0.795074
64,optimised,24,0.67306
64,optimised,25,0.51501
64,optimised,26,0.485047
64,optimised,27,0.753657
64,optimised,28,0.573677
64,optimised,29,0.58953
64,optimised,30,0.782152
128,normal,1,0.935105
128,normal,2,0.860933
128,normal,3,0.677949
128,normal,4,0.667334
128,normal,5,0.749816
128,normal,6,0.751283
128,normal,7,0.722857
128,normal,8,0.716362
128,normal,9,0.485886
128,normal,10,0.714966
128,normal,11,0.923581
128,normal,12,0.74793
128,normal,13,0.848432
128,normal,14,0.736966
128,normal,15,0.92407
128,normal,16,0.689822
128,normal,17,0.721181
128,normal,18,0.698063
128,normal,19,0.667194
128,normal,20,0.499296
128,normal,21,0.683397
128,normal,22,0.726839
128,normal,23,0.693245
128,normal,24,0.699111
128,normal,25,0.801219
128,normal,26,0.509283
128,normal,27,0.794026
128,normal,28,0.667753
128,normal,29,0.732775
128,normal,30,0.719365
128,optimised,1,0.71727
128,optimised,2,0.662304
128,optimised,3,0.678089
128,optimised,4,0.689892
128,optimised,5,0.721531
128,optimised,6,0.740667
128,optimised,7,0.731657
128,optimised,8,0.460603
128,optimised,9,0.707422
128,optimised,10,0.634368
128,optimised,11,0.723346
128,optimised,12,0.663702
128,optimised,13,0.797728
128,optimised,14,0.681511
128,optimised,15,0.744578
128,optimised,16,0.696737
128,optimised,17,0.718876
128,optimised,18,0.795912
128,optimised,19,0.890406
128,optimised,20,0.525346
128,optimised,21,0.659372
128,optimised,22,0.8008
128,optimised,23,0.71685
128,optimised,24,0.666425
128,optimised,25,0.741435
128,optimised,26,0.657486
128,optimised,27,0.716642
128,optimised,28,0.719225
128,optimised,29,0.884679
128,optimised,30,0.775448
256,normal,1,1.00809
256,normal,2,0.913664
256,normal,3,0.879931
256,normal,4,0.962972
256,normal,5,0.949981
256,normal,6,1.0516
256,normal,7,1.01584
256,normal,8,0.940902
256,normal,9,0.914432
256,normal,10,0.882654
256,normal,11,0.956685
256,normal,12,1.00858
256,normal,13,0.880838
256,normal,14,1.0238
256,normal,15,1.08401
256,normal,16,0.927842
256,normal,17,0.916178
256,normal,18,1.02206
256,normal,19,0.873785
256,normal,20,0.987766
256,normal,21,1.01025
256,normal,22,0.878254
256,normal,23,0.968629
256,normal,24,1.06466
256,normal,25,0.859118
256,normal,26,1.22816
256,normal,27,0.708749
256,normal,28,0.955009
256,normal,29,1.20623
256,normal,30,0.958711
256,optimised,1,0.98972
256,optimised,2,0.994959
256,optimised,3,1.1829
256,optimised,4,0.886705
256,optimised,5,0.951657
256,optimised,6,0.970165
256,optimised,7,0.916457
256,optimised,8,0.943766
256,optimised,9,1.18793
256,optimised,10,0.84913
256,optimised,11,1.04971
256,optimised,12,1.17759
256,optimised,13,0.931055
256,optimised,14,0.954661
256,optimised,15,0.64652
256,optimised,16,0.940762
256,optimised,17,0.753448
256,optimised,18,1.00942
256,optimised,19,0.927562
256,optimised,20,0.925188
256,optimised,21,0.931543
256,optimised,22,0.913315
256,optimised,23,0.940343
256,optimised,24,0.946559
256,optimised,25,0.972959
256,optimised,26,1.0231
256,optimised,27,0.900534
256,optimised,28,1.20965
256,optimised,29,0.849898
256,optimised,30,0.938597
512,normal,1,1.35925
512,normal,2,1.47204
512,normal,3,1.18311
512,normal,4,1.33781
512,normal,5,1.35569
512,normal,6,1.40081
512,normal,7,1.58561
512,normal,8,1.50236
512,normal,9,1.3962
512,normal,10,1.42008
512,normal,11,0.994959
512,normal,12,1.37036
512,normal,13,1.16586
512,normal,14,1.41484
512,normal,15,1.32321
512,normal,16,1.34696
512,normal,17,1.3978
512,normal,18,1.35087
512,normal,19,1.42029
512,normal,20,1.41037
512,normal,21,1.49076
512,normal,22,1.35988
512,normal,23,1.39152
512,normal,24,1.16935
512,normal,25,1.51437
512,normal,26,1.39508
512,normal,27,1.32028
512,normal,28,1.36197
512,normal,29,1.4358
512,normal,30,1.49796
512,optimised,1,1.39738
512,optimised,2,1.36365
512,optimised,3,1.41121
512,optimised,4,1.40528
512,optimised,5,1.36002
512,optimised,6,1.62276
512,optimised,7,1.42532
512,optimised,8,1.17711
512,optimised,9,1.42183
512,optimised,10,1.389
512,optimised,11,1.31267
512,optimised,12,1.25246
512,optimised,13,1.35311
512,optimised,14,1.34102
512,optimised,15,1.37322
512,optimised,16,1.31839
512,optimised,17,1.46744
512,optimised,18,1.3978
512,optimised,19,1.36631
512,optimised,20,1.39382
512,optimised,21,1.52352
512,optimised,22,1.4937
512,optimised,23,1.50326
512,optimised,24,1.42944
512,optimised,25,1.40241
512,optimised,26,1.57799
512,optimised,27,1.33732
512,optimised,28,1.39871
512,optimised,29,1.47009
512,optimised,30,1.43279
1024,normal,1,2.49054
1024,normal,2,2.04321
1024,normal,3,2.63958
1024,normal,4,2.30246
1024,normal,5,2.26761
1024,normal,6,2.19448
1024,normal,7,2.28828
1024,normal,8,2.47881
1024,normal,9,1.99858
1024,normal,10,2.60061
1024,normal,11,2.23911
1024,normal,12,2.19462
1024,normal,13,2.22081
1024,normal,14,2.59991
1024,normal,15,2.30378
1024,normal,16,2.19476
1024,normal,17,2.43208
1024,normal,18,2.266
1024,normal,19,2.21201
1024,normal,20,2.39507
1024,normal,21,2.21893
1024,normal,22,2.24735
1024,normal,23,2.26998
1024,normal,24,2.17639
1024,normal,25,2.20663
1024,normal,26,2.36196
1024,normal,27,1.88753
1024,normal,28,2.47909
1024,normal,29,2.31503
1024,normal,30,2.22088
1024,optimised,1,2.22186
1024,optimised,2,2.28835
1024,optimised,3,2.2366
1024,optimised,4,2.02435
1024,optimised,5,2.44752
1024,optimised,6,2.53978
1024,optimised,7,2.26076
1024,optimised,8,2.68239
1024,optimised,9,2.15349
1024,optimised,10,2.23939
1024,optimised,11,2.2748
1024,optimised,12,2.22263
1024,optimised,13,2.26181
1024,optimised,14,2.30092
1024,optimised,15,2.37831
1024,optimised,16,2.02966
1024,optimised,17,2.64133
1024,optimised,18,2.37726
1024,optimised,19,2.44312
1024,optimised,20,2.2132
1024,optimised,21,2.32907
1024,optimised,22,2.34283
1024,optimised,23,2.61165
1024,optimised,24,2.40631
1024,optimised,25,2.25099
1024,optimised,26,2.20042
1024,optimised,27,2.25483
1024,optimised,28,2.85169
1024,optimised,29,2.25308
1024,optimised,30,2.23939
2048,normal,1,4.01511
2048,normal,2,3.6103
2048,normal,3,4.06225
2048,normal,4,3.91104
2048,normal,5,3.501
2048,normal,6,3.87549
2048,normal,7,4.00065
2048,normal,8,4.01154
2048,normal,9,3.95595
2048,normal,10,3.89183
2048,normal,11,3.89519
2048,normal,12,3.92815
2048,normal,13,3.87005
2048,normal,14,3.86977
2048,normal,15,3.13441
2048,normal,16,6.14352
2048,normal,17,3.86774
2048,normal,18,3.36551
2048,normal,19,3.93241
2048,normal,20,3.93584
2048,normal,21,3.95085
2048,normal,22,3.86858
2048,normal,23,4.27254
2048,normal,24,3.79846
2048,normal,25,3.92794
2048,normal,26,4.05499
2048,normal,27,3.98039
2048,normal,28,4.00819
2048,normal,29,3.86942
2048,normal,30,3.97711
2048,optimised,1,3.86208
2048,optimised,2,3.95853
2048,optimised,3,3.90119
2048,optimised,4,3.88276
2048,optimised,5,3.99429
2048,optimised,6,3.89686
2048,optimised,7,3.92739
2048,optimised,8,3.71982
2048,optimised,9,3.90776
2048,optimised,10,3.94233
2048,optimised,11,3.84309
2048,optimised,12,3.90182
2048,optimised,13,4.08676
2048,optimised,14,3.89065
2048,optimised,15,3.98207
2048,optimised,16,3.96007
2048,optimised,17,3.9093
2048,optimised,18,4.04807
2048,optimised,19,3.85677
2048,optimised,20,4.07831
2048,optimised,21,4.08544
2048,optimised,22,4.10192
2048,optimised,23,3.79483
2048,optimised,24,3.24043
2048,optimised,25,4.01294
2048,optimised,26,3.88213
2048,optimised,27,4.22721
2048,optimised,28,3.8662
2048,optimised,29,3.94582
2048,optimised,30,3.86585
4096,normal,1,7.11871
4096,normal,2,7.34276
4096,normal,3,7.08484
4096,normal,4,7.50081
4096,normal,5,7.36462
4096,normal,6,7.37859
4096,normal,7,7.31196
4096,normal,8,7.30274
4096,normal,9,7.21914
4096,normal,10,7.39682
4096,normal,11,7.29555
4096,normal,12,7.27571
4096,normal,13,7.11012
4096,normal,14,7.29087
4096,normal,15,7.34046
4096,normal,16,7.24946
4096,normal,17,7.3142
4096,normal,18,6.5435
4096,normal,19,7.7741
4096,normal,20,7.32572
4096,normal,21,7.27369
4096,normal,22,7.65209
4096,normal,23,7.53755
4096,normal,24,7.28019
4096,normal,25,7.35519
4096,normal,26,7.1845
4096,normal,27,7.30484
4096,normal,28,7.36337
4096,normal,29,7.18094
4096,normal,30,7.19547
4096,optimised,1,6.84619
4096,optimised,2,8.18707
4096,optimised,3,7.20846
4096,optimised,4,7.47218
4096,optimised,5,8.10187
4096,optimised,6,7.19484
4096,optimised,7,5.98819
4096,optimised,8,7.49837
4096,optimised,9,7.45835
4096,optimised,10,7.2915
4096,optimised,11,7.2065
4096,optimised,12,7.13485
4096,optimised,13,7.32998
4096,optimised,14,7.26901
4096,optimised,15,7.86399
4096,optimised,16,7.30135
4096,optimised,17,7.27488
4096,optimised,18,7.29143
4096,optimised,19,7.31517
4096,optimised,20,7.38963
4096,optimised,21,7.24086
4096,optimised,22,7.27208
4096,optimised,23,7.20601
4096,optimised,24,7.28444
4096,optimised,25,8.16759
4096,optimised,26,7.42203
4096,optimised,27,7.34779
4096,optimised,28,7.61137
4096,optimised,29,7.23814
4096,optimised,30,8.26872
